{"cameraMode":{"drawMode":0,"name":"Shaded","section":"Shading Mode"},"sceneLighting":true,"audioPlay":false,"sceneViewState":{"m_AlwaysRefresh":false,"showFog":true,"showSkybox":true,"showFlares":true,"showImageEffects":true,"showParticleSystems":true,"showVisualEffectGraphs":true,"m_FxEnabled":true},"in2DMode":false,"pivot":{"x":1.6663113832473755,"y":-10.569417953491211,"z":-1.4058412313461304},"rotation":{"x":-0.0015872325748205186,"y":0.8087289333343506,"z":-0.5881801247596741,"w":-0.0021836392115801574},"size":17.320161819458009,"orthographic":false}